Ingredient,Amount,Unit,Grams,Source,ConversionClass
Bread wheat,1,tbsp,8.5,https://www.allrecipes.com/article/cup-to-gram-conversions/,ingredient_specific_candidate
Rye,1,tbsp,8.5,https://www.allrecipes.com/article/cup-to-gram-conversions/,ingredient_specific_candidate
Soft wheat,1,tbsp,8.5,https://www.allrecipes.com/article/cup-to-gram-conversions/,ingredient_specific_candidate
Wheat,1,tbsp,8.5,https://www.allrecipes.com/article/cup-to-gram-conversions/,ingredient_specific_candidate
Wheat and rye bread,1,tbsp,8.5,https://www.allrecipes.com/article/cup-to-gram-conversions/,ingredient_specific_candidate
Wheat bread,1,tbsp,8.5,https://www.allrecipes.com/article/cup-to-gram-conversions/,ingredient_specific_candidate
Wheat flour,1,tbsp,8.5,https://www.allrecipes.com/article/cup-to-gram-conversions/,ingredient_specific_candidate
Bread wheat,1,cup,136,https://www.allrecipes.com/article/cup-to-gram-conversions/,ingredient_specific_candidate
Rye,1,cup,136,https://www.allrecipes.com/article/cup-to-gram-conversions/,ingredient_specific_candidate
Soft wheat,1,cup,136,https://www.allrecipes.com/article/cup-to-gram-conversions/,ingredient_specific_candidate
Wheat,1,cup,136,https://www.allrecipes.com/article/cup-to-gram-conversions/,ingredient_specific_candidate
Wheat and rye bread,1,cup,136,https://www.allrecipes.com/article/cup-to-gram-conversions/,ingredient_specific_candidate
Wheat bread,1,cup,136,https://www.allrecipes.com/article/cup-to-gram-conversions/,ingredient_specific_candidate
Wheat flour,1,cup,136,https://www.allrecipes.com/article/cup-to-gram-conversions/,ingredient_specific_candidate
Bagel,1,unit,95,https://kaynutrition.com/are-bagels-healthy/,ingredient_specific_candidate
Bran grain bread,1,slice,40,https://weighschool.com/how-much-does-slice-bread-weigh/,ingredient_specific_candidate
"Bread, French bread, baguette",1,unit,250,https://tastepursuits.com/2658/how-much-does-baguette-weigh/,ingredient_specific_candidate
"Bread, gluten free",1,slice,40,https://weighschool.com/how-much-does-slice-bread-weigh/,ingredient_specific_candidate
Brioche,1,slice,40,https://weighschool.com/how-much-does-slice-bread-weigh/,ingredient_specific_candidate
Chocolate croissant,1,unit,50,"https://weighschool.com/how-much-does-croissant-weigh/#:~:text=The%20average%20weight%20of%20a%20standard-sized%20or%20multipack,of%20this%20size%20is%20around%20160-180kcal%20per%20pastry.",ingredient_specific_candidate
"Corn tortilla wrap, to be filled",1,unit,45,https://thetortillachannel.com/tortilla-sizes-which-tortilla-should-you-choose/,ingredient_specific_candidate
"Crispbread, extruded and grilled",1,unit,14,https://www.eatthis.com/best-crispbreads/,ingredient_specific_candidate
Croissant,1,unit,50,"https://weighschool.com/how-much-does-croissant-weigh/#:~:text=The%20average%20weight%20of%20a%20standard-sized%20or%20multipack,of%20this%20size%20is%20around%20160-180kcal%20per%20pastry.",ingredient_specific_candidate
"English muffin, prepacked",1,unit,57,https://www.nutritionix.com/food/english-muffins,ingredient_specific_candidate
Grissini or bread stick,1,unit,25,https://www.italianrecipebook.com/grissini-italian-breadsticks/,ingredient_specific_candidate
"Milk roll, prepacked",1,slice,40,https://weighschool.com/how-much-does-slice-bread-weigh/,ingredient_specific_candidate
Panini bread,1,unit,31,https://www.nutritionix.com/food/panini-bread,ingredient_specific_candidate
Pita bread,1,unit,39,https://www.nutritionix.com/food/pita-bread,ingredient_specific_candidate
"Rolls for hamburger/hotdog (buns), prepacked",1,unit,43,https://www.carbmanager.com/food-detail/cc:b3226be2b1f8fd619aa56aa66c46f8e4/hamburger-bun-white/,ingredient_specific_candidate
Rusk,1,unit,10,https://www.nutritionix.com/food/rusk,ingredient_specific_candidate
"Rye bread, and wheat",1,slice,40,https://weighschool.com/how-much-does-slice-bread-weigh/,ingredient_specific_candidate
Sandwich loaf,1,slice,40,https://weighschool.com/how-much-does-slice-bread-weigh/,ingredient_specific_candidate
"Wheat tortilla wrap, to be filled",1,unit,45,https://thetortillachannel.com/tortilla-sizes-which-tortilla-should-you-choose/,ingredient_specific_candidate
Maize,1,unit,102,"https://weighschool.com/sweet-corn-weights-servings/#:~:text=Weight%20of%20Corn%20on%20the%20Cob%3A%20The%20weight,one%20102g%2F3.6oz%2C%20and%20a%20large%20ear%20about%20143g%2F5oz.",ingredient_specific_candidate
Maize flour,1,cup,180,https://www.womensweeklyfood.com.au/foodie-facts/cup-grams-ingredient-weight-conversion-1315/,ingredient_specific_candidate
Barley,1,dl,100,"https://www.convertunits.com/from/deciliters/to/grams#:~:text=Do%20a%20quick%20conversion%3A%201%20deciliters%20%3D%20100,grams%20using%20the%20online%20calculator%20for%20metric%20conversions.",generic_water_fallback
Beer,1,dl,100,"https://www.convertunits.com/from/deciliters/to/grams#:~:text=Do%20a%20quick%20conversion%3A%201%20deciliters%20%3D%20100,grams%20using%20the%20online%20calculator%20for%20metric%20conversions.",generic_water_fallback
Beer (Fat Tire Amber Ale),1,dl,100,"https://www.convertunits.com/from/deciliters/to/grams#:~:text=Do%20a%20quick%20conversion%3A%201%20deciliters%20%3D%20100,grams%20using%20the%20online%20calculator%20for%20metric%20conversions.",generic_water_fallback
"Beer (Horn Blonde Ale, RAM Brewery)",1,dl,100,"https://www.convertunits.com/from/deciliters/to/grams#:~:text=Do%20a%20quick%20conversion%3A%201%20deciliters%20%3D%20100,grams%20using%20the%20online%20calculator%20for%20metric%20conversions.",generic_water_fallback
"Beer (HUB Lager, Hopworks Urban Brewery)",1,dl,100,"https://www.convertunits.com/from/deciliters/to/grams#:~:text=Do%20a%20quick%20conversion%3A%201%20deciliters%20%3D%20100,grams%20using%20the%20online%20calculator%20for%20metric%20conversions.",generic_water_fallback
"Beer (Pinnacle Peak Pale Ale, Harmon Brewing Company)",1,dl,100,"https://www.convertunits.com/from/deciliters/to/grams#:~:text=Do%20a%20quick%20conversion%3A%201%20deciliters%20%3D%20100,grams%20using%20the%20online%20calculator%20for%20metric%20conversions.",generic_water_fallback
Beer (Varshon Brewing Company),1,dl,100,"https://www.convertunits.com/from/deciliters/to/grams#:~:text=Do%20a%20quick%20conversion%3A%201%20deciliters%20%3D%20100,grams%20using%20the%20online%20calculator%20for%20metric%20conversions.",generic_water_fallback
"Beer (Vortex IPA, Fort George Brewery)",1,dl,100,"https://www.convertunits.com/from/deciliters/to/grams#:~:text=Do%20a%20quick%20conversion%3A%201%20deciliters%20%3D%20100,grams%20using%20the%20online%20calculator%20for%20metric%20conversions.",generic_water_fallback
"Beer, alcohol-free (<1,2° alcohol)",1,dl,100,"https://www.convertunits.com/from/deciliters/to/grams#:~:text=Do%20a%20quick%20conversion%3A%201%20deciliters%20%3D%20100,grams%20using%20the%20online%20calculator%20for%20metric%20conversions.",generic_water_fallback
"Beer, dark",1,dl,100,"https://www.convertunits.com/from/deciliters/to/grams#:~:text=Do%20a%20quick%20conversion%3A%201%20deciliters%20%3D%20100,grams%20using%20the%20online%20calculator%20for%20metric%20conversions.",generic_water_fallback
"Beer, low alcohol-content (3° alcohol)",1,dl,100,"https://www.convertunits.com/from/deciliters/to/grams#:~:text=Do%20a%20quick%20conversion%3A%201%20deciliters%20%3D%20100,grams%20using%20the%20online%20calculator%20for%20metric%20conversions.",generic_water_fallback
"Beer, regular (4-5° alcohol)",1,dl,100,"https://www.convertunits.com/from/deciliters/to/grams#:~:text=Do%20a%20quick%20conversion%3A%201%20deciliters%20%3D%20100,grams%20using%20the%20online%20calculator%20for%20metric%20conversions.",generic_water_fallback
"Beer, special (5-6° alcohol)",1,dl,100,"https://www.convertunits.com/from/deciliters/to/grams#:~:text=Do%20a%20quick%20conversion%3A%201%20deciliters%20%3D%20100,grams%20using%20the%20online%20calculator%20for%20metric%20conversions.",generic_water_fallback
"Beer, ""specialty"", from abbey or regional (varying alcohol content)",1,dl,100,"https://www.convertunits.com/from/deciliters/to/grams#:~:text=Do%20a%20quick%20conversion%3A%201%20deciliters%20%3D%20100,grams%20using%20the%20online%20calculator%20for%20metric%20conversions.",generic_water_fallback
"Beer, strong (>8° alcohol)",1,dl,100,"https://www.convertunits.com/from/deciliters/to/grams#:~:text=Do%20a%20quick%20conversion%3A%201%20deciliters%20%3D%20100,grams%20using%20the%20online%20calculator%20for%20metric%20conversions.",generic_water_fallback
Oats,1,tbsp,11,https://www.allrecipes.com/article/cup-to-gram-conversions/,ingredient_specific_candidate
Oats,1,cup,165,https://coolconversion.com/cooking-volume-weight/1~cup~of~oats~to~gram,ingredient_specific_candidate
Rice flour,1,cup,153,https://convertunits.online/1-cup-rice-flour-in-grams-2/,ingredient_specific_candidate
Jasmine rice,1,cup,200,https://jumpingpumpkin.com/1-cup-jasmine-rice-in-grams/,ingredient_specific_candidate
Rice,1,cup,200,https://www.allrecipes.com/article/cup-to-gram-conversions/,ingredient_specific_candidate
Long grain rice,1,cup,185,https://www.allrecipes.com/article/cup-to-gram-conversions/,ingredient_specific_candidate
Cassava,1,unit,750,"https://www.measuringknowhow.com/average-weight-of-fruits-and-vegetables/#:~:text=0.7%20kg%20%281.5%20lbs.%29%20Citruses%20Citrus%20fruit%20is,fruit%20that%20belongs%20to%20the%20family%20of%20Rutaceae.750",ingredient_specific_candidate
Tapioca,1,unit,750,"https://www.measuringknowhow.com/average-weight-of-fruits-and-vegetables/#:~:text=0.7%20kg%20%281.5%20lbs.%29%20Citruses%20Citrus%20fruit%20is,fruit%20that%20belongs%20to%20the%20family%20of%20Rutaceae.750",ingredient_specific_candidate
Sugar,1,tbsp,13,https://www.allrecipes.com/article/cup-to-gram-conversions/,ingredient_specific_candidate
Sugar,1,cup,200,https://www.allrecipes.com/article/cup-to-gram-conversions/,ingredient_specific_candidate
Cane molasses,1,tbsp,15.6,https://coolconversion.com/cooking-volume-weight/1%7Etbsp%7Eof%7Evinegar%7Eto%7Egram,ingredient_specific_candidate
Sugar beet,1,unit,750,https://en.wikipedia.org/wiki/Sugar_beet,ingredient_specific_candidate
Soybean oil,1,tsp,4.4,https://www.omnicalculator.com/conversion/tbsp-to-grams,ingredient_specific_candidate
Soybean oil,1,tbsp,13.2,https://www.omnicalculator.com/conversion/tbsp-to-grams,ingredient_specific_candidate
Palm oil,1,tsp,5,https://tools.myfooddata.com/nutrition-facts/171015/wt1,ingredient_specific_candidate
Palm oil,1,tbsp,14,https://tools.myfooddata.com/nutrition-facts/171015/wt1,ingredient_specific_candidate
Sunflower oil,1,tsp,4.8,https://www.omnicalculator.com/conversion/tbsp-to-grams,ingredient_specific_candidate
Sunflower oil,1,tbsp,14.4,https://www.omnicalculator.com/conversion/tbsp-to-grams,ingredient_specific_candidate
Canola oil,1,tsp,4.48,https://coolconversion.com/cooking-volume-weight/1~tbsp~of~canola+oil~to~gram,ingredient_specific_candidate
Canola oil,1,tbsp,13.4,https://coolconversion.com/cooking-volume-weight/1~tbsp~of~canola+oil~to~gram,ingredient_specific_candidate
Rapeseed oil,1,tsp,4.4,https://www.omnicalculator.com/conversion/tbsp-to-grams,ingredient_specific_candidate
Rapeseed oil,1,tbsp,13.2,https://www.omnicalculator.com/conversion/tbsp-to-grams,ingredient_specific_candidate
Extra virgin olive oil,1,tsp,4.6,https://www.omnicalculator.com/conversion/tbsp-to-grams,ingredient_specific_candidate
Extra virgin olive oil,1,tbsp,13.8,https://www.omnicalculator.com/conversion/tbsp-to-grams,ingredient_specific_candidate
"Extra virgin olive oil (""GranFruttato"")",1,tsp,4.6,https://www.omnicalculator.com/conversion/tbsp-to-grams,ingredient_specific_candidate
"Extra virgin olive oil (""GranFruttato"")",1,tbsp,13.8,https://www.omnicalculator.com/conversion/tbsp-to-grams,ingredient_specific_candidate
Olive oil,1,tsp,4.6,https://www.omnicalculator.com/conversion/tbsp-to-grams,ingredient_specific_candidate
Olive oil,1,tbsp,13.8,https://www.omnicalculator.com/conversion/tbsp-to-grams,ingredient_specific_candidate
Virgin olive oil,1,tsp,4.6,https://www.omnicalculator.com/conversion/tbsp-to-grams,ingredient_specific_candidate
Virgin olive oil,1,tbsp,13.8,https://www.omnicalculator.com/conversion/tbsp-to-grams,ingredient_specific_candidate
Tomatoes,1,unit,150,https://weighschool.com/tomato-weights/,ingredient_specific_candidate
Tomatoes (baby plum),1,unit,15,https://weighschool.com/tomato-weights/,ingredient_specific_candidate
Tomatoes (loose classic),1,unit,125,https://weighschool.com/tomato-weights/,ingredient_specific_candidate
Tomatoes (round/globe),1,unit,150,https://weighschool.com/tomato-weights/,ingredient_specific_candidate
Tomatoes (vine),1,unit,100,https://www.bing.com/ck/a?!&&p=8ec6058a341582cdJmltdHM9MTcwOTY4MzIwMCZpZ3VpZD0zMjYyNDYwOS04MzdjLTYyNjYtMTAxYS01N2U2ODJkMzYzOTMmaW5zaWQ9NTUyNA&ptn=3&ver=2&hsh=3&fclid=32624609-837c-6266-101a-57e682d36393&psq=vining+tomato+average+weight&u=a1aHR0cHM6Ly93d3cubXlnYXJkZW4uY29tL2dhcnRlbnByYXhpcy9udXR6Z2FydGVuL3ZpbmUtdG9tYXRvZXMtYmVzdC12YXJpZXRpZXMtMzc2NzYjOn46dGV4dD1JdHMlMjBmcnVpdHMlMjB3ZWlnaCx1cCUyMHRvJTIwMy41MyUyMG91bmNlcy4&ntb=1,ingredient_specific_candidate
Onions,1,unit,110,"https://whatthingsweigh.com/how-much-does-an-onion-weigh/#:~:text=So%2C%20how%20much%20do%20onions%20weigh%3F%20A%20small,onion%20will%20weigh%20around%205.29%20ounces%20%28150%20grams%29.",ingredient_specific_candidate
Leeks,1,unit,250,"https://chefradar.com/how-much-does-a-leek-weigh/#:~:text=On%20average%2C%20a%20leek%20weighs%20about%20200-300%20grams,or%20as%20much%20as%20500%20grams%20%2817.6%20ounces%29.",ingredient_specific_candidate
Spring onions,1,bunch,150,https://meny.no/varer/frukt-gront/gronnsaker/lok/varlok,ingredient_specific_candidate
Carrots,1,unit,60,https://weightofstuff.com/average-weight-of-all-fruits-and-vegetables/,ingredient_specific_candidate
Celeriac,1,unit,650,https://plantura.garden/uk/vegetables/celery/celeriac,ingredient_specific_candidate
Parsnip,1,unit,115,https://weightofstuff.com/average-weight-of-all-fruits-and-vegetables/,ingredient_specific_candidate
Swede,1,unit,386,https://www.webmd.com/diet/health-benefits-rutabaga,ingredient_specific_candidate
Broccoli,1,unit,400,https://www.yourindoorherbs.com/how-much-broccoli-weigh/,ingredient_specific_candidate
Cabbage,1,unit,900,https://hannaone.com/Recipe/weightcabbage.html,ingredient_specific_candidate
Cauliflower,1,unit,750,https://weighschool.com/cauliflower-weights-calories-in-charts-images/,ingredient_specific_candidate
Chinese cabbage,1,unit,675,https://excitedfood.com/ingredients/chinese-cabbage,ingredient_specific_candidate
Pakchoi,1,unit,840,https://nutrivore.com/foods/bok-choy-nutrients/,ingredient_specific_candidate
Savoy cabbage,1,unit,900,https://cabbagebenefits.com/how-much-does-a-head-of-cabbage-weigh/,ingredient_specific_candidate
Artichokes,1,unit,450,"https://www.howmuchisin.com/produce_converters/artichoke#:~:text=A%20whole%20artichoke%20can%20weigh%20anywhere%20between%205,14%20to%2016%20ounces%20%28400%20to%20450%20grams%29.",ingredient_specific_candidate
Chicory,1,unit,150,https://www.italianfoodexcellence.com/the-radicchio-family/,ingredient_specific_candidate
Courgette,1,unit,200,https://weightofstuff.com/average-weight-of-all-fruits-and-vegetables/,ingredient_specific_candidate
Cucumber,1,unit,250,https://weightofstuff.com/average-weight-of-all-fruits-and-vegetables/,ingredient_specific_candidate
Endive,1,unit,87,"https://www.measuringknowhow.com/average-weight-of-fruits-and-vegetables/#:~:text=0.7%20kg%20%281.5%20lbs.%29%20Citruses%20Citrus%20fruit%20is,fruit%20that%20belongs%20to%20the%20family%20of%20Rutaceae.",ingredient_specific_candidate
Hokkaido pumpkins,1,unit,1360,"https://eatsmarter.com/ingredients/vegetables/hokkaido-pumpkin-0#:~:text=With%20a%20weight%20of%20two%20to%20four%20pounds%2C,them%20an%20especially%20good%20option%20for%20pumpkin%20soup.",ingredient_specific_candidate
Iceberg lettuce,1,unit,680,"https://www.chefsresource.com/how-much-does-a-head-of-iceberg-lettuce-weigh/#:~:text=Understanding%20the%20Weight%20of%20Iceberg%20Lettuce%20A%20head,on%20the%20size%20and%20density%20of%20the%20head.",ingredient_specific_candidate
Lambs lettuce,1,unit,800,https://weightofstuff.com/average-weight-of-all-fruits-and-vegetables/,ingredient_specific_candidate
Lettuce,1,unit,800,https://weightofstuff.com/average-weight-of-all-fruits-and-vegetables/,ingredient_specific_candidate
Peas,1,unit,0.2,https://weightofstuff.com/average-weight-of-all-fruits-and-vegetables/,ingredient_specific_candidate
Pumpkins,1,unit,325,"https://www.measuringknowhow.com/average-weight-of-fruits-and-vegetables/#:~:text=0.7%20kg%20%281.5%20lbs.%29%20Citruses%20Citrus%20fruit%20is,fruit%20that%20belongs%20to%20the%20family%20of%20Rutaceae.",ingredient_specific_candidate
Beetroot,1,unit,110,https://agrotexglobal.com/beets-beetroot/,ingredient_specific_candidate
Chilli pepper,1,unit,30,https://www.chilipeppermadness.com/chili-pepper-types/medium-heat-chili-peppers/jalapeno-peppers/,ingredient_specific_candidate
Zucchini,1,unit,200,https://weightofstuff.com/average-weight-of-all-fruits-and-vegetables/,ingredient_specific_candidate
Plantain banana,1,unit,250,https://agrotexglobal.com/plantain/,ingredient_specific_candidate
Squash,1,unit,500,https://weightofstuff.com/average-weight-of-all-fruits-and-vegetables/,ingredient_specific_candidate
Sweet pepper,1,unit,150,"https://tastylicious.com/how-much-does-a-bell-pepper-weigh/#:~:text=An%20average%20medium-sized%20bell%20pepper%20weighs%20between%20120,you%20cook%20them%2C%20depending%20on%20the%20cooking%20method.",ingredient_specific_candidate
Blood oranges,1,unit,160,https://www.livestrong.com/article/511538-nutritional-facts-for-blood-vs-regular-oranges/,ingredient_specific_candidate
Chinese oranges,1,unit,200,"https://measuringly.com/how-much-does-orange-weigh/#:~:text=The%20weight%20of%20an%20orange%20mostly%20depends%20on,can%20weigh%20up%20to%20300%20grams%20or%20more.",ingredient_specific_candidate
Citrus,1,unit,200,"https://www.measuringknowhow.com/average-weight-of-fruits-and-vegetables/#:~:text=0.7%20kg%20%281.5%20lbs.%29%20Citruses%20Citrus%20fruit%20is,fruit%20that%20belongs%20to%20the%20family%20of%20Rutaceae.",ingredient_specific_candidate
Clementine,1,unit,100,"https://weighschool.com/mandarin-clementine-satsuma-weights-calories/#:~:text=The%20average%20weight%20of%20one%20Mandarin%20%28also%20known,or%20clementine%29%20weighs%20around%20100-110g%20including%20the%20peel.",ingredient_specific_candidate
Lemons,1,unit,100,https://weightofstuff.com/average-weight-of-all-fruits-and-vegetables/,ingredient_specific_candidate
Mandarin,1,unit,100,"https://weighschool.com/mandarin-clementine-satsuma-weights-calories/#:~:text=The%20average%20weight%20of%20one%20Mandarin%20%28also%20known,or%20clementine%29%20weighs%20around%20100-110g%20including%20the%20peel.",ingredient_specific_candidate
Oranges,1,unit,200,"https://measuringly.com/how-much-does-orange-weigh/#:~:text=The%20weight%20of%20an%20orange%20mostly%20depends%20on,can%20weigh%20up%20to%20300%20grams%20or%20more.",ingredient_specific_candidate
Tangerine,1,unit,88,https://stellinamarfa.com/fruits/how-much-does-a-tangerine-weigh-in-grams/,ingredient_specific_candidate
Bananas,1,unit,120,https://weightofstuff.com/average-weight-of-all-fruits-and-vegetables/,ingredient_specific_candidate
Apples,1,unit,195,https://weightofstuff.com/average-weight-of-all-fruits-and-vegetables/,ingredient_specific_candidate
Red wine,1,dl,100,"https://www.convertunits.com/from/deciliters/to/grams#:~:text=Do%20a%20quick%20conversion%3A%201%20deciliters%20%3D%20100,grams%20using%20the%20online%20calculator%20for%20metric%20conversions.",generic_water_fallback
White wine,1,dl,100,"https://www.convertunits.com/from/deciliters/to/grams#:~:text=Do%20a%20quick%20conversion%3A%201%20deciliters%20%3D%20100,grams%20using%20the%20online%20calculator%20for%20metric%20conversions.",generic_water_fallback
Wine,1,dl,100,"https://www.convertunits.com/from/deciliters/to/grams#:~:text=Do%20a%20quick%20conversion%3A%201%20deciliters%20%3D%20100,grams%20using%20the%20online%20calculator%20for%20metric%20conversions.",generic_water_fallback
Avocado,1,unit,170,https://weightofstuff.com/average-weight-of-all-fruits-and-vegetables/,ingredient_specific_candidate
Canary melon,1,unit,680,"https://gardenersmag.com/canary-melon/#:~:text=It%20is%20native%20to%20North%20America%20and%20is,yellow%20and%20offers%20a%20juicy%20sweetness%20when%20eaten.",ingredient_specific_candidate
Chinese pear,1,unit,180,https://weightofstuff.com/average-weight-of-all-fruits-and-vegetables/,ingredient_specific_candidate
Kiwi,1,unit,75,https://weightofstuff.com/average-weight-of-all-fruits-and-vegetables/,ingredient_specific_candidate
Melon,1,unit,1580,"https://weightofstuff.com/average-weight-of-all-fruits-and-vegetables/#:~:text=Melon%20%28cantaloupe%29%201%203%20lbs.%201.36,kg%20Melon%20%28honeydew%29%201%204%20lbs.",ingredient_specific_candidate
Nectarines,1,unit,150,https://weightofstuff.com/average-weight-of-all-fruits-and-vegetables/,ingredient_specific_candidate
Apricot,1,unit,35,https://weightofstuff.com/average-weight-of-all-fruits-and-vegetables/,ingredient_specific_candidate
Peaches,1,unit,150,https://weightofstuff.com/average-weight-of-all-fruits-and-vegetables/,ingredient_specific_candidate
Pears,1,unit,180,https://weightofstuff.com/average-weight-of-all-fruits-and-vegetables/,ingredient_specific_candidate
Pineapples,1,unit,1000,https://whatthingsweigh.com/how-much-does-a-pineapple-weigh/,ingredient_specific_candidate
Sweet cherries,1,unit,5,https://weightofstuff.com/average-weight-of-all-fruits-and-vegetables/,ingredient_specific_candidate
Watermelon,1,unit,5900,https://measuringly.com/how-much-does-watermelon-weigh/,ingredient_specific_candidate
Carambola,1,unit,100,https://en.wikipedia.org/wiki/Carambola,ingredient_specific_candidate
Fig,1,unit,50,https://weightofstuff.com/average-weight-of-all-fruits-and-vegetables/,ingredient_specific_candidate
Guava,1,unit,200,https://weightofstuff.com/average-weight-of-all-fruits-and-vegetables/,ingredient_specific_candidate
Mango,1,unit,200,https://weightofstuff.com/average-weight-of-all-fruits-and-vegetables/,ingredient_specific_candidate
Papaya,1,unit,450,https://weightofstuff.com/average-weight-of-all-fruits-and-vegetables/,ingredient_specific_candidate
Passion fruit,1,unit,50,"https://www.nutrition-and-you.com/passion-fruit.html#:~:text=Passion%20fruit%20features%20a%20round%20to%20oval%20shape%2C,in%20mangosteen.%20Average%20weight%20is%20about%2035-50%20g.",ingredient_specific_candidate
Pomegranate,1,unit,255,https://weightofstuff.com/average-weight-of-all-fruits-and-vegetables/,ingredient_specific_candidate
Coffee,1,dl,100,"https://www.convertunits.com/from/deciliters/to/grams#:~:text=Do%20a%20quick%20conversion%3A%201%20deciliters%20%3D%20100,grams%20using%20the%20online%20calculator%20for%20metric%20conversions.",generic_water_fallback
Cocoa,1,tbsp,7.4,https://www.traditionaloven.com/culinary-arts/baking/cocoa-powder/convert-table-spoon-tbsp-to-gram-g-of-cocoa-powder.html,ingredient_specific_candidate
Buffalo milk,1,dl,100,"https://www.convertunits.com/from/deciliters/to/grams#:~:text=Do%20a%20quick%20conversion%3A%201%20deciliters%20%3D%20100,grams%20using%20the%20online%20calculator%20for%20metric%20conversions.",generic_water_fallback
Cow milk,1,dl,100,"https://www.convertunits.com/from/deciliters/to/grams#:~:text=Do%20a%20quick%20conversion%3A%201%20deciliters%20%3D%20100,grams%20using%20the%20online%20calculator%20for%20metric%20conversions.",generic_water_fallback
Sheep milk,1,dl,100,"https://www.convertunits.com/from/deciliters/to/grams#:~:text=Do%20a%20quick%20conversion%3A%201%20deciliters%20%3D%20100,grams%20using%20the%20online%20calculator%20for%20metric%20conversions.",generic_water_fallback
Goat milk,1,dl,100,"https://www.convertunits.com/from/deciliters/to/grams#:~:text=Do%20a%20quick%20conversion%3A%201%20deciliters%20%3D%20100,grams%20using%20the%20online%20calculator%20for%20metric%20conversions.",generic_water_fallback
Condensed milk,1,dl,100,"https://www.convertunits.com/from/deciliters/to/grams#:~:text=Do%20a%20quick%20conversion%3A%201%20deciliters%20%3D%20100,grams%20using%20the%20online%20calculator%20for%20metric%20conversions.",generic_water_fallback
Milk powder,1,tbsp,8,https://coolconversion.com/cooking-volume-weight/1~tbsp~of~milk+powder~to~gram,ingredient_specific_candidate
Yogurt,1,dl,100,"https://www.convertunits.com/from/deciliters/to/grams#:~:text=Do%20a%20quick%20conversion%3A%201%20deciliters%20%3D%20100,grams%20using%20the%20online%20calculator%20for%20metric%20conversions.",generic_water_fallback
Greek yogurt,1,dl,100,"https://www.convertunits.com/from/deciliters/to/grams#:~:text=Do%20a%20quick%20conversion%3A%201%20deciliters%20%3D%20100,grams%20using%20the%20online%20calculator%20for%20metric%20conversions.",generic_water_fallback
Dairy drink,1,dl,100,"https://www.convertunits.com/from/deciliters/to/grams#:~:text=Do%20a%20quick%20conversion%3A%201%20deciliters%20%3D%20100,grams%20using%20the%20online%20calculator%20for%20metric%20conversions.",generic_water_fallback
Cream cheese,1,tbsp,14,https://coolconversion.com/cooking-volume-weight/one%7Etbsp%7Eof%7Ecream+cheese%7Eto%7Egram,ingredient_specific_candidate
Cream cheese,1,dl,100,"https://www.convertunits.com/from/deciliters/to/grams#:~:text=Do%20a%20quick%20conversion%3A%201%20deciliters%20%3D%20100,grams%20using%20the%20online%20calculator%20for%20metric%20conversions.",generic_water_fallback
Chicken eggs,1,unit,50,"https://weightofstuff.com/how-much-does-an-egg-weigh/#:~:text=One%20whole%20chicken%20egg%20weighs%20an%20average%20of,of%20nutritional%20value%2C%20and%20the%20lowest%20in%20cholesterol.",ingredient_specific_candidate
Duck eggs,1,unit,70,https://weightofstuff.com/how-much-does-an-egg-weigh/,ingredient_specific_candidate
Goose eggs,1,unit,150,"https://birdhelpful.com/goose-eggs/#:~:text=Goose%20eggs%20are%20notably%20larger%20than%20most%20other,alone%20accounts%20for%2012%25%20of%20its%20total%20weight.",ingredient_specific_candidate
Turkey eggs,1,unit,80,https://weightofstuff.com/how-much-does-an-egg-weigh/,ingredient_specific_candidate
Cereal bar,1,unit,40,"https://www.nutritionix.com/food/cereal-bars#:~:text=Serving%20Size%3A,bar%20%2837g%29",ingredient_specific_candidate
Oilcrops Misc.,1,tsp,4.4,https://www.omnicalculator.com/conversion/tbsp-to-grams,ingredient_specific_candidate
Oilcrops Misc.,1,tbsp,13.2,https://www.omnicalculator.com/conversion/tbsp-to-grams,ingredient_specific_candidate
Avocado oil,1,tsp,5,https://www.aqua-calc.com/calculate/food-volume-to-weight,ingredient_specific_candidate
Avocado oil,1,tbsp,14,https://www.aqua-calc.com/calculate/food-volume-to-weight,ingredient_specific_candidate
Hazelnut oil,1,tsp,5,https://www.aqua-calc.com/calculate/food-volume-to-weight,ingredient_specific_candidate
Hazelnut oil,1,tbsp,14,https://www.aqua-calc.com/calculate/food-volume-to-weight,ingredient_specific_candidate
Linseed oil,1,tsp,5,https://www.aqua-calc.com/calculate/food-volume-to-weight,ingredient_specific_candidate
Linseed oil,1,tbsp,14,https://www.aqua-calc.com/calculate/food-volume-to-weight,ingredient_specific_candidate
Sesame oil,1,tsp,5,https://www.aqua-calc.com/calculate/food-volume-to-weight,ingredient_specific_candidate
Sesame oil,1,tbsp,14,https://www.aqua-calc.com/calculate/food-volume-to-weight,ingredient_specific_candidate
Vegetable fat,1,dl,100,"https://www.convertunits.com/from/deciliters/to/grams#:~:text=Do%20a%20quick%20conversion%3A%201%20deciliters%20%3D%20100,grams%20using%20the%20online%20calculator%20for%20metric%20conversions.",generic_water_fallback
Nutritional yeast,1,tbsp,8.5,https://www.allrecipes.com/article/cup-to-gram-conversions/,ingredient_specific_candidate
Oils Misc.,1,tsp,4.4,https://www.omnicalculator.com/conversion/tbsp-to-grams,ingredient_specific_candidate
Oils Misc.,1,tbsp,13.2,https://www.omnicalculator.com/conversion/tbsp-to-grams,ingredient_specific_candidate
Fish oil,1,tsp,5,https://www.omnicalculator.com/conversion/tbsp-to-grams,ingredient_specific_candidate
Fish oil,1,tbsp,14,https://www.omnicalculator.com/conversion/tbsp-to-grams,ingredient_specific_candidate
Sweeteners,1,tbsp,21,https://www.omnicalculator.com/conversion/tbsp-to-grams,ingredient_specific_candidate
Honey,1,tbsp,15,https://www.aqua-calc.com/calculate/food-volume-to-weight,ingredient_specific_candidate
Fructose,1,tbsp,15,https://www.aqua-calc.com/calculate/food-volume-to-weight,ingredient_specific_candidate
Dulce de leche,1,tbsp,19,https://www.nutritionix.com/i/usda/dulce-de-leche-1-tbsp/513fceb375b8dbbc210001fa,ingredient_specific_candidate
Marmalade,1,tbsp,20,https://www.webconversiononline.com/weightof.aspx?quantity=1&measure=tablespoon&ingredient=marmalade,ingredient_specific_candidate
Jam,1,tbsp,21,https://www.sweet2eatbaking.com/measurements/jam-jelly/,ingredient_specific_candidate
Cookies,1,unit,15,https://thecookingfacts.com/how-heavy-is-a-cookie/,ingredient_specific_candidate
Cakes,1,slice,150,"https://www.calories.info/food/cakes-pies#:~:text=1%20slice,%28150%20g%29",ingredient_specific_candidate
Frozen yogurt,1,dl,100,"https://www.convertunits.com/from/deciliters/to/grams#:~:text=Do%20a%20quick%20conversion%3A%201%20deciliters%20%3D%20100,grams%20using%20the%20online%20calculator%20for%20metric%20conversions.",generic_water_fallback
Ice cream,1,dl,100,"https://www.convertunits.com/from/deciliters/to/grams#:~:text=Do%20a%20quick%20conversion%3A%201%20deciliters%20%3D%20100,grams%20using%20the%20online%20calculator%20for%20metric%20conversions.",generic_water_fallback
Stimulants,1,tbsp,15,https://www.omnicalculator.com/conversion/tbsp-to-grams,ingredient_specific_candidate
Spices Misc.,1,tbsp,15,https://www.omnicalculator.com/conversion/tbsp-to-grams,ingredient_specific_candidate
Mustard,1,tbsp,15,https://www.omnicalculator.com/conversion/tbsp-to-grams,ingredient_specific_candidate
Vinegar,1,tbsp,15,https://www.omnicalculator.com/conversion/tbsp-to-grams,ingredient_specific_candidate
Mayonnaise,1,tbsp,20,https://www.omnicalculator.com/conversion/tbsp-to-grams,ingredient_specific_candidate
Ketchup,1,tbsp,20,https://www.omnicalculator.com/conversion/tbsp-to-grams,ingredient_specific_candidate
Barbecue,1,tbsp,20,https://www.omnicalculator.com/conversion/tbsp-to-grams,ingredient_specific_candidate
Aioli sauce,1,tbsp,20,https://www.omnicalculator.com/conversion/tbsp-to-grams,ingredient_specific_candidate
Bechamel sauce,1,tbsp,20,https://www.omnicalculator.com/conversion/tbsp-to-grams,ingredient_specific_candidate
Humus,1,tbsp,20,https://www.omnicalculator.com/conversion/tbsp-to-grams,ingredient_specific_candidate
Salad dressing,1,tbsp,20,https://www.omnicalculator.com/conversion/tbsp-to-grams,ingredient_specific_candidate
Soy sauce,1,tbsp,20,https://www.omnicalculator.com/conversion/tbsp-to-grams,ingredient_specific_candidate
Sweet and sour sauce,1,tbsp,20,https://www.omnicalculator.com/conversion/tbsp-to-grams,ingredient_specific_candidate
Pesto,1,tbsp,20,https://www.omnicalculator.com/conversion/tbsp-to-grams,ingredient_specific_candidate
Tartare sauce,1,tbsp,20,https://www.omnicalculator.com/conversion/tbsp-to-grams,ingredient_specific_candidate
Tomato paste,1,tbsp,20,https://www.omnicalculator.com/conversion/tbsp-to-grams,ingredient_specific_candidate
Tomato sauce,1,tbsp,20,https://www.omnicalculator.com/conversion/tbsp-to-grams,ingredient_specific_candidate
Tomato sauce for pizza base,1,tbsp,20,https://www.omnicalculator.com/conversion/tbsp-to-grams,ingredient_specific_candidate
Cream sauce for pizza base,1,tbsp,20,https://www.omnicalculator.com/conversion/tbsp-to-grams,ingredient_specific_candidate
Basil,1,tbsp,2,https://www.omnicalculator.com/conversion/tbsp-to-grams,ingredient_specific_candidate
Chervil,1,tbsp,2,https://www.omnicalculator.com/conversion/tbsp-to-grams,ingredient_specific_candidate
Coriander,1,tbsp,2,https://www.omnicalculator.com/conversion/tbsp-to-grams,ingredient_specific_candidate
Dill,1,tbsp,2,https://www.omnicalculator.com/conversion/tbsp-to-grams,ingredient_specific_candidate
Garlic,1,clove,5,"https://miyakoramen.com/garlic-by-the-numbers-understanding-the-weight-of-a-garlic-clove/#:~:text=A%20typical%20garlic%20clove%20usually%20weighs%20between%203,that%20have%20been%20sitting%20around%20for%20a%20while.",ingredient_specific_candidate
Horseradish,1,tbsp,20,https://www.omnicalculator.com/conversion/tbsp-to-grams,ingredient_specific_candidate
Marjoram,1,tbsp,2,https://www.omnicalculator.com/conversion/tbsp-to-grams,ingredient_specific_candidate
Mint,1,tbsp,2,https://www.omnicalculator.com/conversion/tbsp-to-grams,ingredient_specific_candidate
Molokhia powder,1,tbsp,10,https://www.omnicalculator.com/conversion/tbsp-to-grams,ingredient_specific_candidate
Oregano,1,tbsp,2,https://www.omnicalculator.com/conversion/tbsp-to-grams,ingredient_specific_candidate
Parsley,1,tbsp,2,https://www.omnicalculator.com/conversion/tbsp-to-grams,ingredient_specific_candidate
Rosemary,1,tbsp,2,https://www.omnicalculator.com/conversion/tbsp-to-grams,ingredient_specific_candidate
Sage,1,tbsp,2,https://www.omnicalculator.com/conversion/tbsp-to-grams,ingredient_specific_candidate
Savory,1,tbsp,2,https://www.omnicalculator.com/conversion/tbsp-to-grams,ingredient_specific_candidate
Tarragon,1,tbsp,2,https://www.omnicalculator.com/conversion/tbsp-to-grams,ingredient_specific_candidate
Thyme,1,tbsp,2,https://www.omnicalculator.com/conversion/tbsp-to-grams,ingredient_specific_candidate
Gelatine,1,tbsp,15,https://www.omnicalculator.com/conversion/tbsp-to-grams,ingredient_specific_candidate
Miso,1,tbsp,20,https://www.omnicalculator.com/conversion/tbsp-to-grams,ingredient_specific_candidate
Oat bran,1,tbsp,15,https://www.omnicalculator.com/conversion/tbsp-to-grams,ingredient_specific_candidate
Rice bran,1,tbsp,15,https://www.omnicalculator.com/conversion/tbsp-to-grams,ingredient_specific_candidate
Sodium carbonate,1,tbsp,20,https://www.omnicalculator.com/conversion/tbsp-to-grams,ingredient_specific_candidate
Soy lecithin,1,tbsp,15,https://www.omnicalculator.com/conversion/tbsp-to-grams,ingredient_specific_candidate
Tempeh,1,tbsp,20,https://www.omnicalculator.com/conversion/tbsp-to-grams,ingredient_specific_candidate
Salt,1,tbsp,20,https://www.omnicalculator.com/conversion/tbsp-to-grams,ingredient_specific_candidate
Sea salt,1,tbsp,20,https://www.omnicalculator.com/conversion/tbsp-to-grams,ingredient_specific_candidate
Black pepper,1,tbsp,20,https://www.omnicalculator.com/conversion/tbsp-to-grams,ingredient_specific_candidate
Caraway,1,tbsp,10,https://www.omnicalculator.com/conversion/tbsp-to-grams,ingredient_specific_candidate
Cardamom,1,tbsp,10,https://www.omnicalculator.com/conversion/tbsp-to-grams,ingredient_specific_candidate
Cinnamon,1,tbsp,10,https://www.omnicalculator.com/conversion/tbsp-to-grams,ingredient_specific_candidate
Cumin,1,tbsp,10,https://www.omnicalculator.com/conversion/tbsp-to-grams,ingredient_specific_candidate
Curry powder,1,tbsp,10,https://www.omnicalculator.com/conversion/tbsp-to-grams,ingredient_specific_candidate
Ginger powder,1,tbsp,10,https://www.omnicalculator.com/conversion/tbsp-to-grams,ingredient_specific_candidate
Ginger raw,1,unit,50,https://www.omnicalculator.com/conversion/tbsp-to-grams,ingredient_specific_candidate
Paprika,1,tbsp,10,https://www.omnicalculator.com/conversion/tbsp-to-grams,ingredient_specific_candidate
Saffron,1,tbsp,2,https://www.omnicalculator.com/conversion/tbsp-to-grams,ingredient_specific_candidate
Turmeric,1,tbsp,15,https://www.omnicalculator.com/conversion/tbsp-to-grams,ingredient_specific_candidate
Vanilla,1,tbsp,15,https://www.omnicalculator.com/conversion/tbsp-to-grams,ingredient_specific_candidate
Broth vegetables,1,dl,100,"https://www.convertunits.com/from/deciliters/to/grams#:~:text=Do%20a%20quick%20conversion%3A%201%20deciliters%20%3D%20100,grams%20using%20the%20online%20calculator%20for%20metric%20conversions.",generic_water_fallback
Broth beef,1,dl,100,"https://www.convertunits.com/from/deciliters/to/grams#:~:text=Do%20a%20quick%20conversion%3A%201%20deciliters%20%3D%20100,grams%20using%20the%20online%20calculator%20for%20metric%20conversions.",generic_water_fallback
Broth poultry,1,dl,100,"https://www.convertunits.com/from/deciliters/to/grams#:~:text=Do%20a%20quick%20conversion%3A%201%20deciliters%20%3D%20100,grams%20using%20the%20online%20calculator%20for%20metric%20conversions.",generic_water_fallback
Animal Fats,1,dl,100,"https://www.convertunits.com/from/deciliters/to/grams#:~:text=Do%20a%20quick%20conversion%3A%201%20deciliters%20%3D%20100,grams%20using%20the%20online%20calculator%20for%20metric%20conversions.",generic_water_fallback
Chicken fat,1,dl,100,"https://www.convertunits.com/from/deciliters/to/grams#:~:text=Do%20a%20quick%20conversion%3A%201%20deciliters%20%3D%20100,grams%20using%20the%20online%20calculator%20for%20metric%20conversions.",generic_water_fallback
Duck fat,1,dl,100,"https://www.convertunits.com/from/deciliters/to/grams#:~:text=Do%20a%20quick%20conversion%3A%201%20deciliters%20%3D%20100,grams%20using%20the%20online%20calculator%20for%20metric%20conversions.",generic_water_fallback
Goose fat,1,dl,100,"https://www.convertunits.com/from/deciliters/to/grams#:~:text=Do%20a%20quick%20conversion%3A%201%20deciliters%20%3D%20100,grams%20using%20the%20online%20calculator%20for%20metric%20conversions.",generic_water_fallback
Lard or pork fat,1,dl,100,"https://www.convertunits.com/from/deciliters/to/grams#:~:text=Do%20a%20quick%20conversion%3A%201%20deciliters%20%3D%20100,grams%20using%20the%20online%20calculator%20for%20metric%20conversions.",generic_water_fallback
Turkey fat,1,dl,100,"https://www.convertunits.com/from/deciliters/to/grams#:~:text=Do%20a%20quick%20conversion%3A%201%20deciliters%20%3D%20100,grams%20using%20the%20online%20calculator%20for%20metric%20conversions.",generic_water_fallback
Butter,1,tbsp,20,https://www.omnicalculator.com/conversion/tbsp-to-grams,ingredient_specific_candidate
Cream,1,tbsp,20,https://www.omnicalculator.com/conversion/tbsp-to-grams,ingredient_specific_candidate
Ghee,1,dl,100,"https://www.convertunits.com/from/deciliters/to/grams#:~:text=Do%20a%20quick%20conversion%3A%201%20deciliters%20%3D%20100,grams%20using%20the%20online%20calculator%20for%20metric%20conversions.",generic_water_fallback
