Country,Commodity,Export_Value,Rank
Benin,c001,38844.0,1
India,c001,38757.0,2
Viet Nam,c001,16063.0,3
Thailand,c001,14445.0,4
Pakistan,c001,10394.0,5
United States of America,c001,6360.0,6
"China, mainland",c001,6281.0,7
Myanmar,c001,4967.0,8
Brazil,c001,2897.0,9
Uruguay,c001,2450.0,10
Paraguay,c001,2094.0,11
Cambodia,c001,1936.0,12
Italy,c001,1667.0,13
Guyana,c001,1560.0,14
United Republic of Tanzania,c001,930.0,15
Argentina,c001,871.0,16
Spain,c001,559.0,17
"China, Taiwan Province of",c001,544.0,18
Turkey,c001,379.0,19
Kazakhstan,c001,320.0,20
Russian Federation,c002,1993.0,1
Canada,c002,1364.0,2
United States of America,c002,1268.0,3
France,c002,1064.0,4
Ukraine,c002,899.0,5
Argentina,c002,583.0,6
Australia,c002,527.0,7
Germany,c002,524.0,8
Kazakhstan,c002,353.0,9
Poland,c002,280.0,10
Lithuania,c002,217.0,11
Romania,c002,181.0,12
Bulgaria,c002,175.0,13
Hungary,c002,169.0,14
Turkey,c002,167.0,15
Czech Republic,c002,140.0,16
Latvia,c002,129.0,17
Italy,c002,113.0,18
India,c002,81.0,19
United Kingdom,c002,77.0,20
France,c003,2187.0,1
Russian Federation,c003,1386.0,2
Australia,c003,1374.0,3
Ukraine,c003,1208.0,4
Canada,c003,924.0,5
Germany,c003,786.0,6
Argentina,c003,755.0,7
United Kingdom,c003,476.0,8
Kazakhstan,c003,261.0,9
Denmark,c003,246.0,10
Hungary,c003,227.0,11
Romania,c003,204.0,12
Czech Republic,c003,157.0,13
United States of America,c003,153.0,14
Sweden,c003,148.0,15
Uruguay,c003,138.0,16
Lithuania,c003,115.0,17
Slovakia,c003,98.0,18
Poland,c003,93.0,19
Belgium,c003,93.0,20
Benin,c004,1159336.0,1
United States of America,c004,727.0,2
Argentina,c004,509.0,3
Brazil,c004,476.0,4
Ukraine,c004,302.0,5
Romania,c004,70.0,6
France,c004,61.0,7
Hungary,c004,55.0,8
Serbia,c004,52.0,9
South Africa,c004,46.0,10
Bulgaria,c004,34.0,11
India,c004,32.0,12
Russian Federation,c004,31.0,13
Paraguay,c004,29.0,14
Poland,c004,20.0,15
Croatia,c004,16.0,16
Canada,c004,15.0,17
"China, mainland",c004,15.0,18
Myanmar,c004,13.0,19
Slovakia,c004,9.0,20
Germany,c005,2828047.0,1
Poland,c005,1639520.0,2
Russian Federation,c005,1197160.0,3
Belarus,c005,887290.0,4
Denmark,c005,674173.0,5
"China, mainland",c005,421000.0,6
Spain,c005,353710.0,7
Canada,c005,286023.0,8
Argentina,c005,220999.0,9
Ukraine,c005,168958.0,10
United States of America,c005,156225.0,11
Latvia,c005,127881.0,12
Austria,c005,120007.0,13
France,c005,101516.0,14
Turkey,c005,95960.0,15
Hungary,c005,68247.0,16
Czech Republic,c005,64890.0,17
Lithuania,c005,64831.0,18
Sweden,c005,47123.0,19
Estonia,c005,44666.0,20
Russian Federation,c006,3863945.0,1
Canada,c006,2707425.0,2
Poland,c006,1483855.0,3
Spain,c006,1327958.0,4
Australia,c006,1004897.0,5
Finland,c006,829611.0,6
Sweden,c006,634473.0,7
Argentina,c006,550929.0,8
United Kingdom,c006,472876.0,9
"China, mainland",c006,436828.0,10
Ukraine,c006,427371.0,11
United States of America,c006,358808.0,12
Denmark,c006,347410.0,13
Belarus,c006,328425.0,14
Germany,c006,318260.0,15
France,c006,304269.0,16
Chile,c006,296623.0,17
Norway,c006,281980.0,18
Turkey,c006,251304.0,19
Lithuania,c006,223426.0,20
Benin,c007,9999.0,1
Benin,c008,44232.0,1
Poland,c009,8350897.0,1
Germany,c009,2276712.0,2
France,c009,2006143.0,3
Belarus,c009,1549796.0,4
"China, mainland",c009,1527161.0,5
Spain,c009,1260269.0,6
Russian Federation,c009,897105.0,7
Lithuania,c009,597095.0,8
Turkey,c009,539734.0,9
Hungary,c009,498892.0,10
Canada,c009,472574.0,11
Ethiopia,c009,433131.0,12
Austria,c009,390099.0,13
Kazakhstan,c009,384368.0,14
Thailand,c009,327800.0,15
Czech Republic,c009,292489.0,16
Romania,c009,254244.0,17
Sweden,c009,239393.0,18
Argentina,c009,199000.0,19
Belgium,c009,175233.0,20
"China, mainland",c010,20017472.0,1
India,c010,16014152.0,2
Ukraine,c010,14661424.0,3
Russian Federation,c010,9319851.0,4
Belarus,c010,3619017.0,5
France,c010,3452719.0,6
Germany,c010,3044953.0,7
Peru,c010,2603977.0,8
United States of America,c010,2454050.0,9
Poland,c010,2414438.0,10
Egypt,c010,2096586.0,11
Netherlands,c010,2002202.0,12
Denmark,c010,1943597.0,13
Kazakhstan,c010,1838419.0,14
Algeria,c010,1494366.0,15
United Kingdom,c010,1464793.0,16
Canada,c010,1388250.0,17
Bangladesh,c010,1207512.0,18
Belgium,c010,1153463.0,19
Pakistan,c010,957886.0,20
Benin,c011,1889265.0,1
Benin,c012,5999.0,1
Lao People's Democratic Republic,c013,3577530.0,1
Nigeria,c013,961874.0,2
Cameroon,c013,915038.0,3
Ethiopia,c013,823441.0,4
Ghana,c013,403943.0,5
"China, mainland",c013,334663.0,6
Democratic Republic of the Congo,c013,217546.0,7
Madagascar,c013,113432.0,8
Namibia,c013,84362.0,9
Colombia,c013,72940.0,10
Peru,c013,67152.0,11
Cuba,c013,66876.0,12
Indonesia,c013,60145.0,13
Mexico,c013,58359.0,14
Papua New Guinea,c013,50001.0,15
Pakistan,c013,48395.0,16
Nicaragua,c013,47170.0,17
Guinea,c013,42963.0,18
Japan,c013,39204.0,19
Gabon,c013,38836.0,20
Benin,c014,1395408.0,1
Benin,c015,76000.0,1
Russian Federation,c016,39353891.0,1
Germany,c016,28206564.0,2
United States of America,c016,26460729.0,3
France,c016,25996243.0,4
Turkey,c016,21405334.0,5
Poland,c016,14719223.0,6
Egypt,c016,11805000.0,7
"China, mainland",c016,10029888.0,8
Ukraine,c016,9149999.0,9
Netherlands,c016,6806893.0,10
United Kingdom,c016,5635000.0,11
Iran (Islamic Republic of),c016,5420058.0,12
Belgium,c016,4816410.0,13
Belarus,c016,4526922.0,14
Japan,c016,3889223.0,15
Czech Republic,c016,3601236.0,16
Morocco,c016,3083052.0,17
Denmark,c016,2438616.0,18
Austria,c016,2116000.0,19
Spain,c016,2037889.0,20
Benin,c017,20386.0,1
Myanmar,c017,188.0,2
Argentina,c017,67.0,3
United States of America,c017,64.0,4
Canada,c017,54.0,5
"China, mainland",c017,43.0,6
Ethiopia,c017,24.0,7
Brazil,c017,22.0,8
Kyrgyzstan,c017,17.0,9
Nicaragua,c017,17.0,10
Turkey,c017,12.0,11
Uganda,c017,12.0,12
United Republic of Tanzania,c017,11.0,13
Australia,c017,9.0,14
Egypt,c017,8.0,15
India,c017,7.0,16
Indonesia,c017,5.0,17
Madagascar,c017,5.0,18
Mozambique,c017,4.0,19
Kenya,c017,3.0,20
Canada,c018,608.0,1
Russian Federation,c018,116.0,2
United States of America,c018,77.0,3
Ukraine,c018,60.0,4
France,c018,36.0,5
Lithuania,c018,23.0,6
Estonia,c018,11.0,7
Argentina,c018,9.0,8
Kazakhstan,c018,9.0,9
Australia,c018,8.0,10
Germany,c018,4.0,11
Latvia,c018,4.0,12
Czech Republic,c018,4.0,13
Sweden,c018,4.0,14
Malawi,c018,3.0,15
Hungary,c018,2.0,16
New Zealand,c018,2.0,17
Myanmar,c018,1.0,18
Denmark,c018,1.0,19
Poland,c018,1.0,20
Benin,c019,6000.0,1
Benin,c020,20882.0,1
United States of America,c020,25.0,2
Côte d'Ivoire,c020,15.0,3
Turkey,c020,10.0,4
Viet Nam,c020,8.0,5
United Republic of Tanzania,c020,7.0,6
"China, mainland",c020,6.0,7
Spain,c020,5.0,8
India,c020,4.0,9
Australia,c020,3.0,10
Chile,c020,3.0,11
Indonesia,c020,3.0,12
Iran (Islamic Republic of),c020,3.0,13
Mexico,c020,3.0,14
Myanmar,c020,2.0,15
Ghana,c020,2.0,16
Italy,c020,2.0,17
Mozambique,c020,2.0,18
Nigeria,c020,2.0,19
Guinea-Bissau,c020,2.0,20
Benin,c021,116975.0,1
Benin,c022,109901.0,1
India,c022,216.0,2
Argentina,c022,201.0,3
United States of America,c022,165.0,4
"China, mainland",c022,140.0,5
Sudan,c022,98.0,6
Brazil,c022,78.0,7
Senegal,c022,77.0,8
Myanmar,c022,21.0,9
Nicaragua,c022,21.0,10
Malawi,c022,14.0,11
United Republic of Tanzania,c022,14.0,12
Viet Nam,c022,14.0,13
Egypt,c022,9.0,14
Madagascar,c022,6.0,15
Bolivia (Plurinational State of),c022,3.0,16
Uzbekistan,c022,3.0,17
Côte d'Ivoire,c022,2.0,18
Lao People's Democratic Republic,c022,2.0,19
Mexico,c022,2.0,20
Russian Federation,c023,13538985.0,1
Ukraine,c023,12150079.0,2
Argentina,c023,3021746.0,3
"China, mainland",c023,2834651.0,4
Romania,c023,2649551.0,5
Turkey,c023,2295119.0,6
Hungary,c023,1866275.0,7
Bulgaria,c023,1815657.0,8
France,c023,1533095.0,9
United Republic of Tanzania,c023,1055548.0,10
United States of America,c023,1037911.0,11
Spain,c023,975099.0,12
Kazakhstan,c023,908905.0,13
South Africa,c023,849289.0,14
Republic of Moldova,c023,623969.0,15
Serbia,c023,586524.0,16
Italy,c023,335168.0,17
Greece,c023,296673.0,18
India,c023,213891.0,19
Uganda,c023,198992.0,20
Canada,c024,22423843.0,1
"China, mainland",c024,8862388.0,2
India,c024,8198610.0,3
Germany,c024,3651268.0,4
France,c024,3352801.0,5
Poland,c024,2858633.0,6
Russian Federation,c024,2603025.0,7
Australia,c024,2552004.0,8
Ukraine,c024,2447586.0,9
United States of America,c024,1669381.0,10
Czech Republic,c024,1241122.0,11
United Kingdom,c024,1160152.0,12
Lithuania,c024,961420.0,13
Hungary,c024,860039.0,14
Romania,c024,807390.0,15
Belarus,c024,747033.0,16
Denmark,c024,645504.0,17
Pakistan,c024,568434.0,18
Latvia,c024,474073.0,19
Slovakia,c024,431951.0,20
Benin,c025,731057.0,1
Benin,c026,11200.0,1
Indonesia,c026,403.0,2
Philippines,c026,184.0,3
Papua New Guinea,c026,44.0,4
Viet Nam,c026,41.0,5
Thailand,c026,40.0,6
Sri Lanka,c026,37.0,7
Dominican Republic,c026,13.0,8
Malaysia,c026,11.0,9
Vanuatu,c026,11.0,10
Ghana,c026,3.0,11
Costa Rica,c026,2.0,12
Guyana,c026,2.0,13
Mexico,c026,2.0,14
Côte d'Ivoire,c026,1.0,15
Nicaragua,c026,1.0,16
Benin,c027,1000.0,1
Benin,c028,666667.0,1
Spain,c029,7646702.0,1
Greece,c029,2107151.0,2
Italy,c029,2048434.0,3
Tunisia,c029,1968000.0,4
Morocco,c029,1393711.0,5
Turkey,c029,1286646.0,6
Algeria,c029,780459.0,7
Syrian Arab Republic,c029,664890.0,8
Portugal,c029,597363.0,9
Argentina,c029,251931.0,10
Egypt,c029,135208.0,11
Jordan,c029,132046.0,12
Chile,c029,114485.0,13
Albania,c029,100534.0,14
Lebanon,c029,90667.0,15
Libya,c029,89419.0,16
Israel,c029,75778.0,17
RoW,c029,72040.0,18
Iran (Islamic Republic of),c029,48000.0,19
Peru,c029,40037.0,20
Benin,c030,5000.0,1
Benin,c031,9183.0,1
Italy,c031,1451.0,2
"China, mainland",c031,865.0,3
Spain,c031,812.0,4
Mexico,c031,438.0,5
Turkey,c031,360.0,6
Portugal,c031,310.0,7
United States of America,c031,281.0,8
Iran (Islamic Republic of),c031,229.0,9
Morocco,c031,143.0,10
Chile,c031,127.0,11
Netherlands,c031,123.0,12
Greece,c031,70.0,13
Ukraine,c031,62.0,14
Azerbaijan,c031,47.0,15
Jordan,c031,46.0,16
Egypt,c031,31.0,17
France,c031,25.0,18
India,c031,24.0,19
Syrian Arab Republic,c031,24.0,20
Benin,c032,6000.0,1
Benin,c033,26724.0,1
"China, mainland",c033,61.0,2
Mexico,c033,35.0,3
Spain,c033,35.0,4
United States of America,c033,14.0,5
Netherlands,c033,13.0,6
India,c033,8.0,7
Italy,c033,8.0,8
Iran (Islamic Republic of),c033,7.0,9
Turkey,c033,7.0,10
Belgium,c033,7.0,11
France,c033,6.0,12
Guatemala,c033,5.0,13
Morocco,c033,5.0,14
Poland,c033,5.0,15
Egypt,c033,4.0,16
Germany,c033,3.0,17
Hungary,c033,3.0,18
New Zealand,c033,3.0,19
Peru,c033,3.0,20
Benin,c034,948.0,1
Brazil,c034,21.0,2
Spain,c034,7.0,3
Egypt,c034,4.0,4
South Africa,c034,4.0,5
Turkey,c034,3.0,6
"China, mainland",c034,2.0,7
United States of America,c034,2.0,8
Chile,c034,1.0,9
Greece,c034,1.0,10
Italy,c034,1.0,11
Mexico,c034,1.0,12
Morocco,c034,1.0,13
Pakistan,c034,1.0,14
Peru,c034,1.0,15
India,c035,311848.0,1
"China, mainland",c035,297374.0,2
Mexico,c035,280625.0,3
Brazil,c035,242889.0,4
Argentina,c035,196460.0,5
Turkey,c035,84881.0,6
Spain,c035,80644.0,7
South Africa,c035,73529.0,8
Peru,c035,45774.0,9
Iran (Islamic Republic of),c035,40843.0,10
Egypt,c035,32638.0,11
Sudan,c035,29077.0,12
Colombia,c035,26406.0,13
United States of America,c035,22525.0,14
Chile,c035,18452.0,15
Guatemala,c035,17168.0,16
Italy,c035,16852.0,17
Thailand,c035,12915.0,18
Syrian Arab Republic,c035,9718.0,19
Lebanon,c035,9120.0,20
"China, mainland",c036,543380.0,1
South Africa,c036,47636.0,2
United States of America,c036,45701.0,3
Mexico,c036,42870.0,4
Viet Nam,c036,25657.0,5
Thailand,c036,24910.0,6
Sudan,c036,22000.0,7
Turkey,c036,15267.0,8
Brazil,c036,12000.0,9
Israel,c036,10332.0,10
Iran (Islamic Republic of),c036,8000.0,11
Tunisia,c036,8000.0,12
Argentina,c036,7757.0,13
Bangladesh,c036,7000.0,14
"China, Taiwan Province of",c036,6790.0,15
Spain,c036,5649.0,16
Paraguay,c036,4335.0,17
Eswatini,c036,4324.0,18
Syrian Arab Republic,c036,4007.0,19
Haiti,c036,4000.0,20
"China, mainland",c037,642288.0,1
Nigeria,c037,333018.0,2
Iran (Islamic Republic of),c037,51915.0,3
Colombia,c037,47930.0,4
Angola,c037,36000.0,5
India,c037,34196.0,6
Mexico,c037,22860.0,7
Guinea,c037,20000.0,8
Peru,c037,12000.0,9
Tunisia,c037,12000.0,10
Guatemala,c037,9000.0,11
Sierra Leone,c037,9000.0,12
Philippines,c037,8952.0,13
Kenya,c037,8000.0,14
"China, Taiwan Province of",c037,5945.0,15
Japan,c037,4460.0,16
Côte d'Ivoire,c037,4000.0,17
United Republic of Tanzania,c037,4000.0,18
Thailand,c037,3335.0,19
Italy,c037,2772.0,20
Benin,c038,2000.0,1
Cameroon,c039,2919089.0,1
Democratic Republic of the Congo,c039,943564.0,2
Uganda,c039,942406.0,3
Colombia,c039,473947.0,4
Côte d'Ivoire,c039,379662.0,5
Ghana,c039,376156.0,6
Philippines,c039,260035.0,7
Nigeria,c039,258000.0,8
Myanmar,c039,218022.0,9
United Republic of Tanzania,c039,165183.0,10
Bolivia (Plurinational State of),c039,155251.0,11
Dominican Republic,c039,99343.0,12
Venezuela (Bolivarian Republic of),c039,98777.0,13
Sri Lanka,c039,82739.0,14
Gabon,c039,80000.0,15
Haiti,c039,79863.0,16
Rwanda,c039,76000.0,17
Nicaragua,c039,74092.0,18
Central African Republic,c039,53856.0,19
Guinea,c039,41000.0,20
"China, mainland",c040,10039984.0,1
Poland,c040,946823.0,2
France,c040,823565.0,3
Chile,c040,497147.0,4
Italy,c040,487399.0,5
South Africa,c040,410764.0,6
Turkey,c040,366253.0,7
Belarus,c040,325998.0,8
Republic of Korea,c040,312681.0,9
Ukraine,c040,283166.0,10
Uzbekistan,c040,274725.0,11
Iran (Islamic Republic of),c040,260751.0,12
India,c040,233739.0,13
Russian Federation,c040,229852.0,14
United States of America,c040,225608.0,15
Tajikistan,c040,176642.0,16
Japan,c040,147217.0,17
Mexico,c040,143026.0,18
Spain,c040,135175.0,19
Hungary,c040,124820.0,20
Benin,c041,36945.0,1
Costa Rica,c041,18.0,2
Philippines,c041,18.0,3
Thailand,c041,6.0,4
Indonesia,c041,4.0,5
Ecuador,c041,1.0,6
Guatemala,c041,1.0,7
Honduras,c041,1.0,8
Kenya,c041,1.0,9
Lebanon,c041,1.0,10
South Africa,c041,1.0,11
Viet Nam,c041,1.0,12
Iraq,c042,209800.0,1
Egypt,c042,171806.0,2
Iran (Islamic Republic of),c042,160693.0,3
United Arab Emirates,c042,137894.0,4
Tunisia,c042,94562.0,5
Libya,c042,68883.0,6
Algeria,c042,58223.0,7
Sudan,c042,50892.0,8
Oman,c042,42589.0,9
Saudi Arabia,c042,35807.0,10
Morocco,c042,33770.0,11
Pakistan,c042,27063.0,12
"China, mainland",c042,16651.0,13
Kuwait,c042,11210.0,14
Israel,c042,5653.0,15
United States of America,c042,4171.0,16
Yemen,c042,4119.0,17
Turkey,c042,3437.0,18
Qatar,c042,3007.0,19
Mauritania,c042,2542.0,20
Italy,c043,7173315.0,1
Spain,c043,5676572.0,2
France,c043,5171516.0,3
"China, mainland",c043,3431024.0,4
United States of America,c043,2984294.0,5
Chile,c043,1841664.0,6
South Africa,c043,1693578.0,7
Argentina,c043,1596255.0,8
Australia,c043,1330321.0,9
Turkey,c043,1283837.0,10
Portugal,c043,834996.0,11
Brazil,c043,559924.0,12
Romania,c043,541546.0,13
Greece,c043,510449.0,14
New Zealand,c043,437316.0,15
Germany,c043,427659.0,16
Russian Federation,c043,407379.0,17
Hungary,c043,379791.0,18
Peru,c043,370764.0,19
Republic of Moldova,c043,354582.0,20
Benin,c044,12914.0,1
Mexico,c044,8.0,2
Thailand,c044,8.0,3
"China, mainland",c044,7.0,4
Spain,c044,6.0,5
Turkey,c044,5.0,6
Viet Nam,c044,5.0,7
Chile,c044,4.0,8
Greece,c044,3.0,9
Peru,c044,3.0,10
Brazil,c044,2.0,11
Egypt,c044,2.0,12
India,c044,2.0,13
Italy,c044,2.0,14
New Zealand,c044,2.0,15
South Africa,c044,2.0,16
United States of America,c044,2.0,17
Argentina,c044,1.0,18
Costa Rica,c044,1.0,19
Azerbaijan,c044,1.0,20
Brazil,c045,218797.0,1
Viet Nam,c045,101265.0,2
Indonesia,c045,43272.0,3
Uganda,c045,18291.0,4
Ethiopia,c045,16757.0,5
Central African Republic,c045,16000.0,6
Peru,c045,15772.0,7
Colombia,c045,13834.0,8
Lao People's Democratic Republic,c045,9515.0,9
Honduras,c045,9282.0,10
Nicaragua,c045,9068.0,11
India,c045,8722.0,12
Mexico,c045,8146.0,13
Costa Rica,c045,3980.0,14
Côte d'Ivoire,c045,3581.0,15
United Republic of Tanzania,c045,3414.0,16
"China, mainland",c045,3146.0,17
Venezuela (Bolivarian Republic of),c045,2798.0,18
Guatemala,c045,2258.0,19
Kenya,c045,2099.0,20
Côte d'Ivoire,c046,92201.0,1
Brazil,c046,33969.0,2
Indonesia,c046,31876.0,3
Ecuador,c046,21598.0,4
Nigeria,c046,18859.0,5
Cameroon,c046,16940.0,6
Peru,c046,10022.0,7
Ghana,c046,7576.0,8
Dominican Republic,c046,4373.0,9
Colombia,c046,2585.0,10
Guatemala,c046,2448.0,11
Papua New Guinea,c046,2326.0,12
Uganda,c046,2261.0,13
Democratic Republic of the Congo,c046,1176.0,14
Liberia,c046,1131.0,15
Sierra Leone,c046,1124.0,16
Guinea,c046,1076.0,17
Madagascar,c046,1031.0,18
Venezuela (Bolivarian Republic of),c046,892.0,19
Mexico,c046,671.0,20
"China, mainland",c047,158061.0,1
India,c047,57833.0,2
Kenya,c047,32804.0,3
Indonesia,c047,32631.0,4
Bangladesh,c047,18974.0,5
Argentina,c047,17900.0,6
Sri Lanka,c047,17842.0,7
Viet Nam,c047,15202.0,8
Malawi,c047,11482.0,9
Turkey,c047,5961.0,10
Thailand,c047,4503.0,11
Myanmar,c047,4349.0,12
Iran (Islamic Republic of),c047,3792.0,13
Uganda,c047,3739.0,14
Japan,c047,3723.0,15
United Republic of Tanzania,c047,2247.0,16
Rwanda,c047,2000.0,17
Mozambique,c047,1975.0,18
Nepal,c047,1134.0,19
Burundi,c047,1091.0,20
Ethiopia,c048,47323.0,1
United States of America,c048,47090.0,2
Germany,c048,46900.0,3
"China, mainland",c048,8131.0,4
Czech Republic,c048,5930.0,5
Poland,c048,3640.0,6
Slovenia,c048,2720.0,7
Democratic People's Republic of Korea,c048,2030.0,8
Albania,c048,1787.0,9
United Kingdom,c048,1307.0,10
Spain,c048,1040.0,11
New Zealand,c048,911.0,12
France,c048,840.0,13
Japan,c048,669.0,14
Australia,c048,606.0,15
Ukraine,c048,510.0,16
Austria,c048,500.0,17
Argentina,c048,474.0,18
South Africa,c048,463.0,19
Russian Federation,c048,221.0,20
Viet Nam,c049,15428.0,1
Brazil,c049,6822.0,2
Indonesia,c049,5460.0,3
India,c049,2927.0,4
Sri Lanka,c049,2091.0,5
Malaysia,c049,1896.0,6
"China, mainland",c049,1215.0,7
Tajikistan,c049,1000.0,8
Madagascar,c049,45.0,9
Ecuador,c049,26.0,10
Cambodia,c049,26.0,11
Mexico,c049,20.0,12
Honduras,c049,9.0,13
Kenya,c049,9.0,14
Rwanda,c049,9.0,15
Ethiopia,c049,6.0,16
Guatemala,c049,4.0,17
Thailand,c049,1.0,18
India,c050,85540.0,1
"China, mainland",c050,17911.0,2
Ethiopia,c050,15000.0,3
Thailand,c050,13197.0,4
Myanmar,c050,7213.0,5
Bangladesh,c050,7071.0,6
Pakistan,c050,6667.0,7
Nigeria,c050,5815.0,8
Viet Nam,c050,5405.0,9
Côte d'Ivoire,c050,3997.0,10
Peru,c050,3915.0,11
Ghana,c050,3000.0,12
Egypt,c050,2989.0,13
Mexico,c050,2746.0,14
Nepal,c050,2582.0,15
Cameroon,c050,2000.0,16
Democratic Republic of the Congo,c050,2000.0,17
Uzbekistan,c050,1371.0,18
Morocco,c050,1017.0,19
Bosnia and Herzegovina,c050,1000.0,20
Indonesia,c051,12784.0,1
Madagascar,c051,1141.0,2
United Republic of Tanzania,c051,1038.0,3
Sri Lanka,c051,1019.0,4
RoW,c051,1019.0,5
India,c052,150984.0,1
"China, mainland",c052,90261.0,2
Nigeria,c052,70639.0,3
Nepal,c052,44712.0,4
Indonesia,c052,40255.0,5
Ethiopia,c052,30750.0,6
Bangladesh,c052,26358.0,7
Thailand,c052,17132.0,8
Turkey,c052,15995.0,9
Guatemala,c052,14997.0,10
Mexico,c052,6807.0,11
Cameroon,c052,6000.0,12
Sri Lanka,c052,5562.0,13
Viet Nam,c052,5396.0,14
Syrian Arab Republic,c052,5148.0,15
Guyana,c052,2919.0,16
Mali,c052,2919.0,17
Iran (Islamic Republic of),c052,2836.0,18
Colombia,c052,2575.0,19
Peru,c052,2449.0,20
United States of America,c061,264186748.0,1
Germany,c061,157586600.0,2
India,c061,121924992.0,3
Argentina,c061,72050000.0,4
Italy,c061,68408958.0,5
France,c061,66682297.0,6
"China, mainland",c061,60000000.0,7
Mexico,c061,52280779.0,8
Egypt,c061,51132858.0,9
Turkey,c061,48216222.0,10
Poland,c061,47523181.0,11
Paraguay,c061,35736100.0,12
Japan,c061,31171100.0,13
Russian Federation,c061,30839260.0,14
Denmark,c061,27123970.0,15
Belarus,c061,22889575.0,16
Ukraine,c061,14977221.0,17
Romania,c061,14731555.0,18
Spain,c061,13697870.0,19
Iran (Islamic Republic of),c061,12733134.0,20
Benin,c062,12369119.0,1
Benin,c063,304942.0,1
Benin,c064,22675.0,1
Indonesia,c064,51.0,2
Guatemala,c064,47.0,3
Solomon Islands,c064,30.0,4
Nicaragua,c064,28.0,5
Malaysia,c064,16.0,6
Thailand,c064,16.0,7
Papua New Guinea,c064,7.0,8
Burundi,c064,4.0,9
Ghana,c064,2.0,10
Liberia,c064,2.0,11
India,c065,429736.0,1
Colombia,c065,66935.0,2
Honduras,c065,15835.0,3
Uganda,c065,10955.0,4
Lao People's Democratic Republic,c065,10772.0,5
United Republic of Tanzania,c065,7922.0,6
"China, mainland",c065,5001.0,7
Nicaragua,c065,3718.0,8
Kenya,c065,3365.0,9
Japan,c065,3000.0,10
Philippines,c065,1000.0,11
Haiti,c065,945.0,12
"China, mainland",c066,2442015.0,1
Brazil,c066,735656.0,2
India,c066,156761.0,3
Egypt,c066,138047.0,4
Thailand,c066,119156.0,5
Australia,c066,71337.0,6
France,c066,68448.0,7
Pakistan,c066,61456.0,8
Guatemala,c066,53448.0,9
Germany,c066,36505.0,10
Poland,c066,33371.0,11
Colombia,c066,31321.0,12
Russian Federation,c066,28518.0,13
Mexico,c066,23792.0,14
Croatia,c066,22228.0,15
South Africa,c066,19068.0,16
Eswatini,c066,15907.0,17
Sweden,c066,15905.0,18
Netherlands,c066,13802.0,19
El Salvador,c066,13348.0,20
"China, mainland",c067,3433304.0,1
India,c067,2979631.0,2
Brazil,c067,1934040.0,3
United States of America,c067,1858086.0,4
Thailand,c067,1542735.0,5
Mexico,c067,963928.0,6
Russian Federation,c067,885256.0,7
Ukraine,c067,737026.0,8
South Africa,c067,553795.0,9
Turkey,c067,553683.0,10
Iran (Islamic Republic of),c067,517778.0,11
France,c067,482176.0,12
Philippines,c067,473185.0,13
Australia,c067,449465.0,14
Austria,c067,430963.0,15
Indonesia,c067,418046.0,16
Germany,c067,415104.0,17
Republic of Korea,c067,402332.0,18
Egypt,c067,367862.0,19
Kenya,c067,312387.0,20
Argentina,c068,11266.0,1
Belgium,c068,3561.0,2
Japan,c068,2975.0,3
Austria,c068,2889.0,4
United States of America,c068,2643.0,5
Brazil,c068,2355.0,6
Paraguay,c068,1331.0,7
Russian Federation,c068,1203.0,8
Netherlands,c068,1153.0,9
Bolivia (Plurinational State of),c068,796.0,10
Spain,c068,749.0,11
Guatemala,c068,694.0,12
Ukraine,c068,566.0,13
Turkey,c068,444.0,14
United Arab Emirates,c068,405.0,15
Germany,c068,366.0,16
Egypt,c068,240.0,17
Thailand,c068,240.0,18
Canada,c068,238.0,19
"China, mainland",c068,235.0,20
Argentina,c070,33098.0,1
Austria,c070,2978.0,2
Ukraine,c070,1464.0,3
Russian Federation,c070,779.0,4
Bulgaria,c070,119.0,5
Hungary,c070,119.0,6
Turkey,c070,105.0,7
France,c070,55.0,8
Netherlands,c070,47.0,9
Romania,c070,41.0,10
Serbia,c070,35.0,11
Republic of Moldova,c070,32.0,12
Spain,c070,25.0,13
Kazakhstan,c070,22.0,14
Bolivia (Plurinational State of),c070,15.0,15
Czech Republic,c070,13.0,16
South Africa,c070,8.0,17
Germany,c070,7.0,18
United States of America,c070,7.0,19
Bosnia and Herzegovina,c070,6.0,20
Germany,c071,841636.0,1
Canada,c071,65316.0,2
Chile,c071,43040.0,3
Russian Federation,c071,11120.0,4
France,c071,6740.0,5
United Arab Emirates,c071,6558.0,6
Belarus,c071,5539.0,7
Belgium,c071,5049.0,8
Czech Republic,c071,4986.0,9
Australia,c071,3380.0,10
Ukraine,c071,2486.0,11
Denmark,c071,2375.0,12
United Kingdom,c071,2358.0,13
Poland,c071,1424.0,14
Hungary,c071,1104.0,15
Austria,c071,983.0,16
Estonia,c071,944.0,17
United States of America,c071,932.0,18
Kazakhstan,c071,844.0,19
Bangladesh,c071,383.0,20
Malaysia,c073,22084.0,1
Indonesia,c073,2366.0,2
Papua New Guinea,c073,1088.0,3
Guatemala,c073,103.0,4
Colombia,c073,92.0,5
Thailand,c073,83.0,6
Honduras,c073,74.0,7
Costa Rica,c073,30.0,8
Nigeria,c073,18.0,9
Côte d'Ivoire,c073,17.0,10
Cambodia,c073,13.0,11
Ecuador,c073,10.0,12
Peru,c073,8.0,13
Ghana,c073,4.0,14
Nicaragua,c073,4.0,15
Brazil,c073,1.0,16
Solomon Islands,c073,1.0,17
Cameroon,c073,1.0,18
Benin,c073,1.0,19
Liberia,c073,1.0,20
Malaysia,c074,154241.0,1
Indonesia,c074,111743.0,2
Colombia,c074,44485.0,3
Nigeria,c074,38431.0,4
Guatemala,c074,22460.0,5
Cameroon,c074,9095.0,6
Papua New Guinea,c074,8082.0,7
Panama,c074,5038.0,8
"China, mainland",c074,2261.0,9
Honduras,c074,1986.0,10
Thailand,c074,943.0,11
Côte d'Ivoire,c074,922.0,12
Costa Rica,c074,795.0,13
Ecuador,c074,691.0,14
Peru,c074,366.0,15
Ghana,c074,237.0,16
Nicaragua,c074,207.0,17
Japan,c074,191.0,18
Cambodia,c074,184.0,19
Liberia,c074,111.0,20
North Macedonia,c077,732.0,1
Spain,c077,121.0,2
Tunisia,c077,42.0,3
Greece,c077,23.0,4
Italy,c077,18.0,5
Portugal,c077,12.0,6
Syrian Arab Republic,c077,7.0,7
Turkey,c077,5.0,8
Argentina,c077,3.0,9
Morocco,c077,2.0,10
Chile,c077,1.0,11
Lebanon,c077,1.0,12
Benin,c081,57648.0,1
Argentina,c081,75.0,2
Brazil,c081,57.0,3
United States of America,c081,34.0,4
Paraguay,c081,7.0,5
Bolivia (Plurinational State of),c081,6.0,6
Netherlands,c081,6.0,7
India,c081,4.0,8
"China, mainland",c081,3.0,9
Germany,c081,3.0,10
Russian Federation,c081,2.0,11
Ukraine,c081,2.0,12
Benin,c082,36835.0,1
Sudan,c082,11.0,2
Argentina,c082,2.0,3
Chad,c082,2.0,4
Ukraine,c083,6642780.0,1
Russian Federation,c083,5802227.0,2
Argentina,c083,1063786.0,3
Hungary,c083,823030.0,4
Bulgaria,c083,679756.0,5
France,c083,574720.0,6
Romania,c083,546125.0,7
Spain,c083,477008.0,8
United Republic of Tanzania,c083,385192.0,9
South Africa,c083,367285.0,10
"China, mainland",c083,363135.0,11
Netherlands,c083,311426.0,12
Kazakhstan,c083,296678.0,13
United States of America,c083,262534.0,14
Italy,c083,256424.0,15
Brazil,c083,227842.0,16
Serbia,c083,193698.0,17
Greece,c083,138710.0,18
Portugal,c083,138257.0,19
Republic of Moldova,c083,109437.0,20
Canada,c084,6011481.0,1
Germany,c084,4844422.0,2
India,c084,4093399.0,3
"China, mainland",c084,4076856.0,4
France,c084,2218566.0,5
Poland,c084,1515846.0,6
Japan,c084,1260038.0,7
United States of America,c084,1109292.0,8
Russian Federation,c084,819212.0,9
Belgium,c084,789891.0,10
Pakistan,c084,710761.0,11
Mexico,c084,705442.0,12
United Arab Emirates,c084,527763.0,13
Australia,c084,527666.0,14
Belarus,c084,469116.0,15
Bangladesh,c084,460470.0,16
Iran (Islamic Republic of),c084,323376.0,17
Denmark,c084,314616.0,18
Nepal,c084,197589.0,19
Romania,c084,196228.0,20
Benin,c085,58290.0,1
Benin,c086,6813.0,1
Indonesia,c086,70.0,2
Malaysia,c086,37.0,3
Benin,c087,668.0,1
"China, mainland",c088,337620.0,1
India,c088,116087.0,2
Myanmar,c088,107818.0,3
Sudan,c088,95819.0,4
Japan,c088,48865.0,5
Central African Republic,c088,42960.0,6
Mozambique,c088,38295.0,7
Uganda,c088,35854.0,8
Nigeria,c088,35787.0,9
Saudi Arabia,c088,25413.0,10
Republic of Korea,c088,24775.0,11
Mexico,c088,23484.0,12
Iran (Islamic Republic of),c088,23397.0,13
"China, Taiwan Province of",c088,19265.0,14
United Republic of Tanzania,c088,14937.0,15
Germany,c088,14059.0,16
Jordan,c088,13818.0,17
Venezuela (Bolivarian Republic of),c088,10072.0,18
Thailand,c088,9346.0,19
Bangladesh,c088,9098.0,20
India,c089,6259581.0,1
"China, mainland",c089,1246597.0,2
United States of America,c089,1009745.0,3
Brazil,c089,961044.0,4
Belgium,c089,240907.0,5
Sudan,c089,223395.0,6
France,c089,221109.0,7
Republic of Korea,c089,190713.0,8
Russian Federation,c089,185465.0,9
Thailand,c089,145309.0,10
Pakistan,c089,136933.0,11
Ethiopia,c089,133620.0,12
Italy,c089,127326.0,13
Germany,c089,117725.0,14
Japan,c089,105384.0,15
South Africa,c089,102910.0,16
Malaysia,c089,97335.0,17
Spain,c089,95157.0,18
Hungary,c089,73588.0,19
Canada,c089,70147.0,20
France,c090,552376.0,1
Spain,c090,477601.0,2
Italy,c090,455678.0,3
South Africa,c090,336601.0,4
Portugal,c090,33063.0,5
Australia,c090,27938.0,6
Mexico,c090,24100.0,7
Chile,c090,22720.0,8
Greece,c090,19167.0,9
New Zealand,c090,15785.0,10
Germany,c090,12518.0,11
Czech Republic,c090,11802.0,12
Austria,c090,11585.0,13
Argentina,c090,10289.0,14
United States of America,c090,6628.0,15
Brazil,c090,4940.0,16
Republic of Moldova,c090,3524.0,17
Hungary,c090,2790.0,18
Georgia,c090,1821.0,19
North Macedonia,c090,1768.0,20
France,c091,30795.0,1
Mexico,c091,3315.0,2
Belgium,c091,1693.0,3
Netherlands,c091,1563.0,4
Germany,c091,1501.0,5
Czech Republic,c091,511.0,6
United States of America,c091,447.0,7
Poland,c091,411.0,8
"China, mainland",c091,405.0,9
United Kingdom,c091,380.0,10
Russian Federation,c091,361.0,11
Spain,c091,321.0,12
Ireland,c091,315.0,13
Denmark,c091,276.0,14
Italy,c091,254.0,15
Portugal,c091,189.0,16
Brazil,c091,179.0,17
Ukraine,c091,143.0,18
Serbia,c091,131.0,19
Canada,c091,129.0,20
Angola,c092,80000.0,1
"China, mainland",c092,60722.0,2
Rwanda,c092,8903.0,3
France,c092,1972.0,4
Central African Republic,c092,1000.0,5
Mexico,c092,53.0,6
Republic of Korea,c092,35.0,7
Italy,c092,34.0,8
Sweden,c092,34.0,9
Belgium,c092,32.0,10
Canada,c092,27.0,11
Ireland,c092,26.0,12
South Africa,c092,25.0,13
Germany,c092,19.0,14
Austria,c092,14.0,15
Hungary,c092,12.0,16
Japan,c092,12.0,17
Netherlands,c092,11.0,18
Denmark,c092,10.0,19
Lithuania,c092,9.0,20
Benin,c096,143408.0,1
Mali,c096,9418.0,2
Central African Republic,c096,1038.0,3
Guinea,c096,377.0,4
Niger,c096,138.0,5
Djibouti,c096,24.0,6
France,c096,3.0,7
India,c097,11513859.0,1
Pakistan,c097,7877000.0,2
"China, mainland",c097,4522766.0,3
Nepal,c097,694365.0,4
Egypt,c097,556001.0,5
Philippines,c097,400274.0,6
Viet Nam,c097,315720.0,7
Lao People's Democratic Republic,c097,221970.0,8
Myanmar,c097,202023.0,9
Thailand,c097,140717.0,10
Italy,c097,102887.0,11
Bangladesh,c097,85851.0,12
Venezuela (Bolivarian Republic of),c097,79500.0,13
Sri Lanka,c097,78497.0,14
Indonesia,c097,71588.0,15
Cambodia,c097,50999.0,16
Turkey,c097,40928.0,17
Australia,c097,39501.0,18
Colombia,c097,31585.0,19
Iraq,c097,28160.0,20
Benin,c098,794240.0,1
Mali,c098,10211.0,2
Mauritania,c098,3404.0,3
Niger,c098,2503.0,4
Syrian Arab Republic,c098,683.0,5
Bahrain,c098,125.0,6
Somalia,c098,4.0,7
Burkina Faso,c098,3.0,8
Chad,c098,1.0,9
United States of America,c098,1.0,10
Benin,c099,831899.0,1
Syrian Arab Republic,c099,16535.0,2
Mauritania,c099,14330.0,3
Chad,c099,12123.0,4
Lao People's Democratic Republic,c099,3643.0,5
Mali,c099,2204.0,6
Guinea,c099,444.0,7
Thailand,c099,392.0,8
Belgium,c099,159.0,9
Myanmar,c099,99.0,10
South Africa,c099,26.0,11
Australia,c099,20.0,12
United States of America,c099,8.0,13
Ethiopia,c099,8.0,14
Namibia,c099,2.0,15
Benin,c100,324886.0,1
Belgium,c100,4.0,2
Benin,c101,17645999.0,1
Germany,c101,26694.0,2
Netherlands,c101,18892.0,3
France,c101,12837.0,4
Hungary,c101,11603.0,5
Czech Republic,c101,10777.0,6
Belgium,c101,9553.0,7
Poland,c101,7543.0,8
Malaysia,c101,6459.0,9
Denmark,c101,6345.0,10
United States of America,c101,6061.0,11
Serbia,c101,3448.0,12
Pakistan,c101,3113.0,13
Turkey,c101,2962.0,14
Portugal,c101,2845.0,15
Spain,c101,2789.0,16
Brazil,c101,2552.0,17
Austria,c101,2200.0,18
Bulgaria,c101,2168.0,19
United Kingdom,c101,2133.0,20
"China, mainland",c102,1078355.0,1
Mongolia,c102,955270.0,2
Kazakhstan,c102,800264.0,3
Mexico,c102,535624.0,4
Russian Federation,c102,271864.0,5
Brazil,c102,173182.0,6
Kyrgyzstan,c102,161400.0,7
United States of America,c102,135208.0,8
Canada,c102,97157.0,9
Australia,c102,96855.0,10
Argentina,c102,87883.0,11
Senegal,c102,56453.0,12
Colombia,c102,45146.0,13
Chile,c102,42884.0,14
Ukraine,c102,36805.0,15
Uruguay,c102,36068.0,16
Uzbekistan,c102,32209.0,17
Spain,c102,31118.0,18
Mali,c102,28936.0,19
France,c102,28178.0,20
"China, mainland",c103,1090316.0,1
Niger,c103,144006.0,2
Mali,c103,60139.0,3
Senegal,c103,51723.0,4
Burkina Faso,c103,28490.0,5
Mauritania,c103,23042.0,6
Spain,c103,2878.0,7
Argentina,c103,916.0,8
Lesotho,c103,417.0,9
Kyrgyzstan,c103,287.0,10
Italy,c103,267.0,11
Chad,c103,107.0,12
Kazakhstan,c103,48.0,13
"China, mainland",c104,122848.0,1
United States of America,c104,3332.0,2
Argentina,c104,525.0,3
Spain,c104,225.0,4
Sweden,c104,25.0,5
Sudan,c105,552157.0,1
Saudi Arabia,c105,465401.0,2
Somalia,c105,339166.0,3
Kenya,c105,204666.0,4
United Arab Emirates,c105,199688.0,5
Ethiopia,c105,196792.0,6
Mauritania,c105,133348.0,7
"China, mainland",c105,130753.0,8
Mongolia,c105,80997.0,9
Oman,c105,54537.0,10
Pakistan,c105,51247.0,11
Turkmenistan,c105,46077.0,12
Algeria,c105,45996.0,13
Chad,c105,41393.0,14
Niger,c105,41129.0,15
Egypt,c105,33933.0,16
Kazakhstan,c105,30738.0,17
Djibouti,c105,30051.0,18
Iran (Islamic Republic of),c105,20815.0,19
Afghanistan,c105,20139.0,20
Peru,c106,577913.0,1
Bolivia (Plurinational State of),c106,356376.0,2
"China, mainland",c107,289283832.0,1
Egypt,c107,59019000.0,2
Spain,c107,40055881.0,3
France,c107,17970549.0,4
Italy,c107,16427000.0,5
Czech Republic,c107,12394939.0,6
Algeria,c107,8308000.0,7
Sierra Leone,c107,7942000.0,8
Russian Federation,c107,7652000.0,9
Ukraine,c107,5909000.0,10
Mexico,c107,4486000.0,11
Hungary,c107,4185473.0,12
Peru,c107,2834999.0,13
Bulgaria,c107,2805001.0,14
Slovakia,c107,2500000.0,15
Colombia,c107,2462000.0,16
Kenya,c107,2141000.0,17
Poland,c107,1811874.0,18
Rwanda,c107,1740001.0,19
Gabon,c107,1721000.0,20
Peru,c108,53226999.0,1
Bolivia (Plurinational State of),c108,17540999.0,2
Benin,c109,24655.0,1
New Zealand,c109,209.0,2
Germany,c109,171.0,3
France,c109,120.0,4
Netherlands,c109,107.0,5
United States of America,c109,62.0,6
Belarus,c109,58.0,7
Poland,c109,54.0,8
Ireland,c109,43.0,9
Italy,c109,43.0,10
United Kingdom,c109,41.0,11
Denmark,c109,40.0,12
Argentina,c109,37.0,13
Australia,c109,32.0,14
Belgium,c109,27.0,15
Austria,c109,24.0,16
Spain,c109,24.0,17
Czech Republic,c109,20.0,18
Uruguay,c109,17.0,19
Saudi Arabia,c109,15.0,20
Australia,c110,7572.0,1
Yemen,c110,3227.0,2
New Zealand,c110,2906.0,3
Brazil,c110,1963.0,4
Ireland,c110,1871.0,5
France,c110,1143.0,6
Netherlands,c110,1062.0,7
Nepal,c110,984.0,8
Germany,c110,830.0,9
Belgium,c110,514.0,10
"China, mainland",c110,474.0,11
Belarus,c110,470.0,12
Poland,c110,362.0,13
United Arab Emirates,c110,309.0,14
United Kingdom,c110,309.0,15
Denmark,c110,273.0,16
Finland,c110,235.0,17
United States of America,c110,194.0,18
Argentina,c110,130.0,19
India,c110,115.0,20
Benin,c111,5000.0,1
Argentina,c113,285841.0,1
Peru,c113,51897.0,2
Kazakhstan,c113,38728.0,3
Sudan,c113,35015.0,4
Tajikistan,c113,23911.0,5
Venezuela (Bolivarian Republic of),c113,22937.0,6
Chad,c113,21000.0,7
Colombia,c113,14994.0,8
Mongolia,c113,14012.0,9
Turkmenistan,c113,12643.0,10
Japan,c113,10393.0,11
South Sudan,c113,6949.0,12
Brazil,c113,6762.0,13
Romania,c113,5914.0,14
Germany,c113,4060.0,15
Australia,c113,3714.0,16
United States of America,c113,3682.0,17
Panama,c113,2901.0,18
Iran (Islamic Republic of),c113,2559.0,19
India,c113,2450.0,20
Sudan,c114,49021.0,1
Mongolia,c114,31010.0,2
Chad,c114,29000.0,3
Peru,c114,12000.0,4
Turkmenistan,c114,11000.0,5
Kyrgyzstan,c114,6000.0,6
Tajikistan,c114,5000.0,7
South Sudan,c114,4000.0,8
United Arab Emirates,c114,3278.0,9
Oman,c114,2410.0,10
Australia,c114,2314.0,11
New Zealand,c114,2064.0,12
Italy,c114,1765.0,13
Bahrain,c114,1515.0,14
Romania,c114,1002.0,15
Iran (Islamic Republic of),c114,973.0,16
United Kingdom,c114,396.0,17
Ireland,c114,266.0,18
Qatar,c114,250.0,19
Spain,c114,208.0,20
Canada,c115,166375.0,1
Peru,c115,27542.0,2
Japan,c115,24857.0,3
United States of America,c115,12017.0,4
Spain,c115,9710.0,5
Myanmar,c115,9000.0,6
Germany,c115,7715.0,7
Russian Federation,c115,6714.0,8
Brazil,c115,5413.0,9
Denmark,c115,4797.0,10
Netherlands,c115,4145.0,11
Lithuania,c115,3324.0,12
Cyprus,c115,3250.0,13
Belgium,c115,2684.0,14
Estonia,c115,2274.0,15
France,c115,1797.0,16
Poland,c115,1648.0,17
Romania,c115,1588.0,18
Panama,c115,1019.0,19
Mexico,c115,874.0,20
Peru,c116,373189.0,1
Thailand,c116,70040.0,2
Japan,c116,34361.0,3
Guatemala,c116,31341.0,4
Poland,c116,30839.0,5
Myanmar,c116,27959.0,6
Hungary,c116,16156.0,7
Brazil,c116,13803.0,8
United States of America,c116,13261.0,9
Russian Federation,c116,7329.0,10
Netherlands,c116,2982.0,11
Turkey,c116,1875.0,12
South Sudan,c116,1795.0,13
Qatar,c116,1494.0,14
Ukraine,c116,1385.0,15
Germany,c116,1367.0,16
Cyprus,c116,1352.0,17
Belgium,c116,1197.0,18
United Kingdom,c116,1098.0,19
Turkmenistan,c116,1095.0,20
United States of America,c117,19708.0,1
Argentina,c117,9936.0,2
Peru,c117,4000.0,3
Chile,c117,3998.0,4
South Africa,c117,1004.0,5
"China, mainland",c117,992.0,6
Haiti,c117,945.0,7
Brazil,c117,165.0,8
Mongolia,c117,40.0,9
Spain,c117,26.0,10
Saudi Arabia,c117,24.0,11
New Zealand,c117,15.0,12
Poland,c117,13.0,13
Canada,c117,12.0,14
France,c117,12.0,15
Morocco,c117,12.0,16
Italy,c117,6.0,17
Uruguay,c117,6.0,18
Hungary,c117,5.0,19
Russian Federation,c117,4.0,20
Benin,c118,1000.0,1
United States of America,c119,1096411.0,1
Spain,c119,151009.0,2
"China, mainland",c119,132394.0,3
Germany,c119,115883.0,4
Indonesia,c119,50089.0,5
India,c119,47586.0,6
France,c119,46674.0,7
Belgium,c119,35065.0,8
Brazil,c119,28907.0,9
Argentina,c119,27586.0,10
Australia,c119,25149.0,11
Poland,c119,23875.0,12
"China, Taiwan Province of",c119,20481.0,13
Malaysia,c119,18118.0,14
Canada,c119,14754.0,15
United Kingdom,c119,12834.0,16
Netherlands,c119,12485.0,17
Viet Nam,c119,10838.0,18
Russian Federation,c119,10546.0,19
New Zealand,c119,9397.0,20
"China, mainland",c121,24434.0,1
Turkey,c121,5064.0,2
Ukraine,c121,4874.0,3
Argentina,c121,4863.0,4
Russian Federation,c121,4025.0,5
India,c121,3696.0,6
Brazil,c121,3584.0,7
Mexico,c121,3268.0,8
Hungary,c121,3242.0,9
United Republic of Tanzania,c121,2000.0,10
Republic of Korea,c121,1938.0,11
Canada,c121,1794.0,12
Romania,c121,1750.0,13
Viet Nam,c121,1329.0,14
Uruguay,c121,1203.0,15
Spain,c121,1198.0,16
New Zealand,c121,1166.0,17
Bulgaria,c121,1064.0,18
Chile,c121,1013.0,19
Angola,c121,1000.0,20
Benin,c123,1792.0,1
Mauritania,c123,1180.0,2
"China, mainland",c123,164.0,3
United Kingdom,c123,143.0,4
Peru,c123,129.0,5
Norway,c123,98.0,6
Senegal,c123,65.0,7
Oman,c123,56.0,8
Iceland,c123,55.0,9
Morocco,c123,52.0,10
Netherlands,c123,44.0,11
Denmark,c123,42.0,12
Viet Nam,c123,40.0,13
Chile,c123,30.0,14
Ireland,c123,28.0,15
Guinea-Bissau,c123,26.0,16
Russian Federation,c123,26.0,17
Spain,c123,22.0,18
Thailand,c123,21.0,19
Namibia,c123,20.0,20
